Id;Label;Degré Entrant;Degré Sortant;Degré;Weighted Degree;Weighted In-Degree;Weighted Out-Degree;Eccentricity;Closeness Centrality;Betweenness Centrality;Authority;Hub;Modularity Class;PageRank
@itechnews21;@itechnews21;1;1;2;2;1;1;1;1;0;0,001044932;8,27E-04;79;7,03E-04
@techdigest360;@techdigest360;1;1;2;2;1;1;1;1;0;0,001044932;8,27E-04;79;7,03E-04
@ariramdial;@ariramdial;1;1;2;2;1;1;1;1;0;0,001044932;8,27E-04;79;7,03E-04
@themostretweets;@themostretweets;1;1;2;2;1;1;1;1;0;0,001044932;8,27E-04;79;7,03E-04
@jonmorgan23;@jonmorgan23;1;1;2;2;1;1;1;1;0;0,001044932;8,27E-04;79;7,03E-04
@_mwes;@_mwes;1;1;2;2;1;1;1;1;0;0,001044932;8,27E-04;79;7,03E-04
@rcastle06;@rcastle06;1;1;2;2;1;1;1;1;0;0,001044932;8,27E-04;79;7,03E-04
@openmeddev;@openmeddev;0;2;2;3;0;3;4;2,266666667;0;0;8,27E-04;79;6,56E-04
@modernowners;@modernowners;0;0;0;0;0;0;0;0;0;0;0;1;6,56E-04
@twitmedicalnews;@twitmedicalnews;0;0;0;0;0;0;0;0;0;0;0;2;6,56E-04
@jannekekampen;@jannekekampen;1;0;1;1;1;0;0;0;0;0,001044932;0;75;7,27E-04
@mraguy;@mraguy;1;0;1;1;1;0;0;0;0;0,001044932;0;75;7,27E-04
@lucienengelen;@lucienengelen;1;0;1;1;1;0;0;0;0;0,001044932;0;75;7,27E-04
@douglas_m_white;@douglas_m_white;0;1;1;2;0;2;4;2,272727273;0;0;8,27E-04;17;6,56E-04
@miepsja;@miepsja;1;0;1;1;1;0;0;0;0;0,001044932;0;75;7,27E-04
@jdcarballeira;@jdcarballeira;1;0;1;1;1;0;0;0;0;0,001044932;0;75;7,27E-04
@zgjr;@zgjr;1;0;1;1;1;0;0;0;0;0,001044932;0;75;7,27E-04
@jeroen_koedijk;@jeroen_koedijk;1;0;1;1;1;0;0;0;0;0,001044932;0;75;7,27E-04
@panosants;@panosants;2;0;2;4;4;0;0;0;0;0,001567398;0;5;0,001149056
@dickenskevin;@dickenskevin;2;0;2;2;2;0;0;0;0;0,001567398;0;5;0,001149056
@catherineruff2;@catherineruff2;2;0;2;2;2;0;0;0;0;0,001567398;0;5;0,001149056
@kpiultrasound;@kpiultrasound;0;1;1;9;0;9;4;2,272727273;0;0;8,27E-04;17;6,56E-04
@alexislloyd;@alexislloyd;0;1;1;2;0;2;4;2,272727273;0;0;8,27E-04;17;6,56E-04
@molecularimging;@molecularimging;0;1;1;2;0;2;4;2,272727273;0;0;8,27E-04;17;6,56E-04
@unescotelemed;@unescotelemed;0;1;1;3;0;3;4;2,272727273;0;0;8,27E-04;17;6,56E-04
@angelpalaciob;@angelpalaciob;0;2;2;7;0;7;4;2,242424242;0;0;8,27E-04;17;6,56E-04
@rafavidalperez;@rafavidalperez;2;3;5;12;2;10;3;2,06097561;0;0,001567398;0,00248139;17;7,98E-04
@spending_living;@spending_living;0;1;1;3;0;3;4;2,272727273;0;0;8,27E-04;17;6,56E-04
@leslee_kgh;@leslee_kgh;1;0;1;1;1;0;0;0;0;0,001044932;0;75;7,27E-04
@mksimpson92;@mksimpson92;1;0;1;1;1;0;0;0;0;0,001044932;0;75;7,27E-04
@arturotozzi;@arturotozzi;0;0;0;0;0;0;0;0;0;0;0;8;6,56E-04
@kidney_boy;@kidney_boy;1;0;1;1;1;0;0;0;0;0,001044932;0;12;6,91E-04
@finnigr;@finnigr;1;0;1;1;1;0;0;0;0;0,001044932;0;12;6,91E-04
@kmathan;@kmathan;0;0;0;0;0;0;0;0;0;0;0;11;6,56E-04
@tintegrity;@tintegrity;1;0;1;1;1;0;0;0;0;0,001044932;0;12;6,91E-04
@kpawan;@kpawan;1;0;1;1;1;0;0;0;0;0,001044932;0;12;6,91E-04
@mandlamagic;@mandlamagic;1;0;1;1;1;0;0;0;0;0,001044932;0;12;6,91E-04
@thomas1973;@thomas1973;1;0;1;1;1;0;0;0;0;0,001044932;0;12;6,91E-04
@rjaviervega;@rjaviervega;1;0;1;1;1;0;0;0;0;0,001044932;0;12;6,91E-04
@renesugar;@renesugar;1;0;1;1;1;0;0;0;0;0,001044932;0;12;6,91E-04
@ocvc;@ocvc;1;0;1;1;1;0;0;0;0;0,001044932;0;12;6,91E-04
@hectorfhdez;@hectorfhdez;1;0;1;1;1;0;0;0;0;0,001044932;0;12;6,91E-04
@stewthompson_;@stewthompson_;1;0;1;1;1;0;0;0;0;0,001044932;0;12;6,91E-04
@bapivee;@bapivee;1;0;1;1;1;0;0;0;0;0,001044932;0;12;6,91E-04
@acutemeded;@acutemeded;1;0;1;1;1;0;0;0;0;0,001044932;0;12;6,91E-04
@garibaldicap;@garibaldicap;1;0;1;1;1;0;0;0;0;0,001044932;0;12;6,91E-04
@steveashleyplus;@steveashleyplus;0;0;0;0;0;0;0;0;0;0;0;14;6,56E-04
@m8marw;@m8marw;1;2;3;3;1;2;4;2,266666667;0;0,001044932;0,00165426;17;7,14E-04
@anniefeighery;@anniefeighery;1;2;3;3;1;2;4;2,266666667;0;0,001044932;0,00165426;17;7,14E-04
@ourpvd;@ourpvd;1;2;3;3;1;2;4;2,266666667;0;0,001044932;0,00165426;17;7,14E-04
@ssobhy2014;@ssobhy2014;1;2;3;3;1;2;4;2,266666667;0;0,001044932;0,00165426;17;7,14E-04
@edelweissliz;@edelweissliz;0;1;1;3;0;3;4;2,272727273;0;0;8,27E-04;17;6,56E-04
@cazmusicmonkey;@cazmusicmonkey;2;1;3;3;2;1;1;1;0;0,001567398;0,00248139;3;7,98E-04
@sharryscotland;@sharryscotland;0;1;1;2;0;2;4;2,272727273;0;0;8,27E-04;17;6,56E-04
@aaatesters;@aaatesters;0;1;1;2;0;2;4;2,272727273;0;0;8,27E-04;17;6,56E-04
@stephyduarteee;@stephyduarteee;0;0;0;0;0;0;0;0;0;0;0;20;6,56E-04
@naujobs;@naujobs;0;1;1;2;0;2;4;2,272727273;0;0;8,27E-04;17;6,56E-04
@littlesttornado;@littlesttornado;0;0;0;0;0;0;0;0;0;0;0;21;6,56E-04
@carrdiology;@carrdiology;0;0;0;0;0;0;0;0;0;0;0;22;6,56E-04
@lastminuteit;@lastminuteit;0;0;0;0;0;0;0;0;0;0;0;23;6,56E-04
@keebovet;@keebovet;0;0;0;0;0;0;0;0;0;0;0;26;6,56E-04
@lafuentebraulio;@lafuentebraulio;0;1;1;1;0;1;4;2,272727273;0;0;8,27E-04;17;6,56E-04
@vedanaki;@vedanaki;0;0;0;0;0;0;0;0;0;0;0;27;6,56E-04
@eikewenzel;@eikewenzel;0;0;0;0;0;0;0;0;0;0;0;28;6,56E-04
@radiologyrr;@radiologyrr;0;0;0;0;0;0;0;0;0;0;0;30;6,56E-04
@vajopupanyj;@vajopupanyj;0;0;0;0;0;0;0;0;0;0;0;31;6,56E-04
@bairopiteclinic;@bairopiteclinic;0;0;0;0;0;0;0;0;0;0;0;33;6,56E-04
@sjogrensforum;@sjogrensforum;2;0;2;2;2;0;0;0;0;0,001567398;0;36;8,13E-04
@leeisleofcarls;@leeisleofcarls;2;0;2;2;2;0;0;0;0;0,001567398;0;36;8,13E-04
@cdydev;@cdydev;2;0;2;2;2;0;0;0;0;0,001567398;0;36;8,13E-04
@thescientifik;@thescientifik;2;0;2;2;2;0;0;0;0;0,001567398;0;36;8,13E-04
@mendisteinmetz;@mendisteinmetz;2;0;2;2;2;0;0;0;0;0,001567398;0;36;8,13E-04
@ccaneloa;@ccaneloa;2;0;2;2;2;0;0;0;0;0,001567398;0;36;8,13E-04
@rbonald;@rbonald;2;0;2;2;2;0;0;0;0;0,001567398;0;36;8,13E-04
@hushino;@hushino;0;1;1;2;0;2;4;2,272727273;0;0;8,27E-04;17;6,56E-04
@newlylistedp;@newlylistedp;0;1;1;1;0;1;4;2,272727273;0;0;8,27E-04;17;6,56E-04
@offermarvid;@offermarvid;0;0;0;0;0;0;0;0;0;0;0;39;6,56E-04
@rattlesnakeden;@rattlesnakeden;1;2;3;3;1;2;1;1;0;0,001044932;8,27E-04;63;7,18E-04
@hannahthivierg1;@hannahthivierg1;0;0;0;0;0;0;0;0;0;0;0;41;6,56E-04
@digitallguy;@digitallguy;0;0;0;0;0;0;0;0;0;0;0;42;6,56E-04
@gxp_services;@gxp_services;0;0;0;0;0;0;0;0;0;0;0;43;6,56E-04
@phcproducts;@phcproducts;0;0;0;0;0;0;0;0;0;0;0;44;6,56E-04
@medicomalkes;@medicomalkes;0;0;0;0;0;0;0;0;0;0;0;45;6,56E-04
@cvetlana_12;@cvetlana_12;0;0;0;0;0;0;0;0;0;0;0;46;6,56E-04
@miersjuan1;@miersjuan1;0;0;0;0;0;0;0;0;0;0;0;47;6,56E-04
@ebaytwhistory2;@ebaytwhistory2;0;0;0;0;0;0;0;0;0;0;0;48;6,56E-04
@obesoconfucio;@obesoconfucio;0;0;0;0;0;0;0;0;0;0;0;49;6,56E-04
@nunezclorindo;@nunezclorindo;0;0;0;0;0;0;0;0;0;0;0;50;6,56E-04
@trends_selling;@trends_selling;0;0;0;0;0;0;0;0;0;0;0;51;6,56E-04
@melocatriel;@melocatriel;0;0;0;0;0;0;0;0;0;0;0;52;6,56E-04
@esgdm;@esgdm;0;0;0;0;0;0;0;0;0;0;0;53;6,56E-04
@gleneaglesd43;@gleneaglesd43;0;0;0;0;0;0;0;0;0;0;0;54;6,56E-04
@ekbhai77;@ekbhai77;1;0;1;1;1;0;0;0;0;0,001044932;0;68;7,36E-04
@offer_wonderful;@offer_wonderful;0;0;0;0;0;0;0;0;0;0;0;55;6,56E-04
@endingreview;@endingreview;0;0;0;0;0;0;0;0;0;0;0;56;6,56E-04
@dotmedlistings;@dotmedlistings;0;0;0;0;0;0;0;0;0;0;0;57;6,56E-04
#hot;#hot;1;0;1;2;2;0;0;0;0;0,001044932;0;4;8,42E-04
#foamcc;#foamcc;2;1;3;3;2;1;1;1;0;0,001567398;0,00165426;3;0,002103954
#cdom;#cdom;3;0;3;3;3;0;0;0;0;0,002089864;0;17;0,00374943
#odisha;#odisha;1;0;1;1;1;0;0;0;0;0,001044932;0;68;7,36E-04
@pauljen77;@pauljen77;0;1;1;2;0;2;4;2,272727273;0;0;8,27E-04;17;6,56E-04
@mikebaird;@mikebaird;0;1;1;2;0;2;4;2,272727273;0;0;8,27E-04;17;6,56E-04
@pendrasik;@pendrasik;0;1;1;2;0;2;4;2,272727273;0;0;8,27E-04;17;6,56E-04
@itemmarkm;@itemmarkm;0;1;1;2;0;2;4;2,272727273;0;0;8,27E-04;17;6,56E-04
@njcar;@njcar;0;1;1;2;0;2;4;2,272727273;0;0;8,27E-04;17;6,56E-04
@buybookstore;@buybookstore;0;1;1;2;0;2;4;2,272727273;0;0;8,27E-04;17;6,56E-04
@medflightohio;@medflightohio;0;1;1;2;0;2;4;2,272727273;0;0;8,27E-04;17;6,56E-04
@samsungtmrw;@samsungtmrw;0;2;2;6;0;6;4;2,242424242;0;0;8,27E-04;17;6,56E-04
@darrellcsimpson;@darrellcsimpson;0;1;1;2;0;2;4;2,272727273;0;0;8,27E-04;17;6,56E-04
@of;@of;2;3;5;6;2;4;4;2,259036145;0;0,001567398;0,00248139;75;0,001014493
@sonospot;@sonospot;0;2;2;7;0;7;4;2,242424242;0;0;8,27E-04;17;6,56E-04
@college_classes;@college_classes;0;2;2;4;0;4;4;2,242424242;0;0;8,27E-04;17;6,56E-04
@elementsmatter;@elementsmatter;0;1;1;2;0;2;4;2,272727273;0;0;8,27E-04;17;6,56E-04
@pfcryer;@pfcryer;0;1;1;3;0;3;4;2,272727273;0;0;8,27E-04;17;6,56E-04
@woojinrad;@woojinrad;0;2;2;2;0;2;4;2,242424242;0;0;8,27E-04;17;6,56E-04
@urpowered;@urpowered;0;2;2;2;0;2;4;2,266666667;0;0;8,27E-04;17;6,56E-04
@cute4153;@cute4153;0;1;1;1;0;1;4;2,272727273;0;0;8,27E-04;17;6,56E-04
@irenedelse;@irenedelse;0;1;1;1;0;1;4;2,272727273;0;0;8,27E-04;17;6,56E-04
@ghassen_be;@ghassen_be;0;1;1;1;0;1;4;2,272727273;0;0;8,27E-04;17;6,56E-04
@gdavio;@gdavio;0;1;1;1;0;1;4;2,272727273;0;0;8,27E-04;17;6,56E-04
@frankc77;@frankc77;0;1;1;1;0;1;4;2,272727273;0;0;8,27E-04;17;6,56E-04
@digilifesci;@digilifesci;0;1;1;1;0;1;4;2,272727273;0;0;8,27E-04;17;6,56E-04
@the_seventies;@the_seventies;0;1;1;1;0;1;4;2,272727273;0;0;8,27E-04;17;6,56E-04
@autotelizer;@autotelizer;0;1;1;1;0;1;4;2,272727273;0;0;8,27E-04;17;6,56E-04
@ugaembawashdc;@ugaembawashdc;0;1;1;1;0;1;4;2,272727273;0;0;8,27E-04;17;6,56E-04
@mitch_nepalsofa;@mitch_nepalsofa;0;1;1;1;0;1;4;2,272727273;0;0;8,27E-04;17;6,56E-04
@bbcnewsus;@bbcnewsus;0;1;1;1;0;1;4;2,272727273;0;0;8,27E-04;17;6,56E-04
@mikeloukides;@mikeloukides;0;1;1;1;0;1;4;2,272727273;0;0;8,27E-04;17;6,56E-04
@oscult_dev;@oscult_dev;0;1;1;1;0;1;4;2,272727273;0;0;8,27E-04;17;6,56E-04
@mobisante;@mobisante;0;1;1;1;0;1;4;2,272727273;0;0;8,27E-04;17;6,56E-04
@ofresnoye;@ofresnoye;0;1;1;2;0;2;4;2,272727273;0;0;8,27E-04;17;6,56E-04
@tuncaysari;@tuncaysari;0;1;1;1;0;1;4;2,272727273;0;0;8,27E-04;17;6,56E-04
@acpinternist;@acpinternist;0;1;1;1;0;1;4;2,272727273;0;0;8,27E-04;17;6,56E-04
@reumahusc;@reumahusc;0;1;1;1;0;1;4;2,272727273;0;0;8,27E-04;17;6,56E-04
@gc_inc;@gc_inc;0;1;1;2;0;2;4;2,272727273;0;0;8,27E-04;17;6,56E-04
@mcitech;@mcitech;0;1;1;1;0;1;4;2,272727273;0;0;8,27E-04;17;6,56E-04
@neil_mehta;@neil_mehta;0;2;2;2;0;2;4;2,248484848;0;0;8,27E-04;59;6,56E-04
@allenatlarge;@allenatlarge;0;1;1;1;0;1;4;2,272727273;0;0;8,27E-04;17;6,56E-04
@movetovancouver;@movetovancouver;0;1;1;1;0;1;4;2,272727273;0;0;8,27E-04;17;6,56E-04
@diy_website;@diy_website;0;1;1;1;0;1;4;2,272727273;0;0;8,27E-04;17;6,56E-04
@theatlantic;@theatlantic;1;1;2;2;1;1;4;2,272727273;0;0,001044932;0,00165426;75;7,27E-04
@stanfordmed;@stanfordmed;0;1;1;1;0;1;4;2,272727273;0;0;8,27E-04;17;6,56E-04
@bbcworldservice;@bbcworldservice;0;1;1;1;0;1;4;2,272727273;0;0;8,27E-04;17;6,56E-04
@rescueclass;@rescueclass;0;1;1;1;0;1;4;2,272727273;0;0;8,27E-04;17;6,56E-04
@boston1stams;@boston1stams;0;1;1;1;0;1;4;2,272727273;0;0;8,27E-04;17;6,56E-04
@faureli;@faureli;0;1;1;1;0;1;4;2,272727273;0;0;8,27E-04;17;6,56E-04
@astrorm;@astrorm;0;2;2;2;0;2;3;2,163636364;0;0;8,27E-04;17;6,56E-04
@sonikavzla;@sonikavzla;0;2;2;2;0;2;4;2,261904762;0;0;8,27E-04;17;6,56E-04
@mbctvodisha;@mbctvodisha;0;1;1;1;0;1;4;2,272727273;0;0;8,27E-04;17;6,56E-04
@bchsfoundation;@bchsfoundation;0;1;1;1;0;1;4;2,272727273;0;0;8,27E-04;17;6,56E-04
@dx_imaging;@dx_imaging;0;1;1;1;0;1;4;2,272727273;0;0;8,27E-04;17;6,56E-04
@qmednews;@qmednews;0;1;1;1;0;1;4;2,272727273;0;0;8,27E-04;17;6,56E-04
@ultrasound_mdx;@ultrasound_mdx;0;1;1;1;0;1;4;2,272727273;0;0;8,27E-04;17;6,56E-04
@davidz6;@davidz6;0;1;1;1;0;1;4;2,272727273;0;0;8,27E-04;17;6,56E-04
@who;@who;1;1;2;2;1;1;4;2,272727273;0;0,001044932;8,27E-04;17;7,95E-04
@ultrasound_shop;@ultrasound_shop;0;1;1;1;0;1;4;2,272727273;0;0;8,27E-04;17;6,56E-04
@offerfascinatin;@offerfascinatin;0;1;1;1;0;1;4;2,272727273;0;0;8,27E-04;17;6,56E-04
@bmossop;@bmossop;0;1;1;1;0;1;4;2,272727273;0;0;8,27E-04;17;6,56E-04
@mikelectricstuf;@mikelectricstuf;0;1;1;1;0;1;4;2,272727273;0;0;8,27E-04;17;6,56E-04
@futuristpaul;@futuristpaul;0;1;1;1;0;1;4;2,272727273;0;0;8,27E-04;17;6,56E-04
@drnic1;@drnic1;0;2;2;2;0;2;4;2,266666667;0;0;8,27E-04;17;6,56E-04
798;;0;0;0;0;0;0;0;0;0;0;0;0;0
@tobyhillman;@tobyhillman;0;2;2;7;0;7;4;2,266666667;0;0;8,27E-04;7;6,56E-04
#btswinter;#btswinter;2;0;2;7;7;0;0;0;0;0,001567398;0;7;0,001626018
@reviewmarlo;@reviewmarlo;1;2;3;4;1;3;4;2,265060241;0;0,001044932;0,00165426;17;0,001140987
@3200t;@3200t;1;2;3;3;1;2;4;2,265060241;0;0,001044932;0,00165426;17;0,001140987
@israeltradeny;@israeltradeny;3;6;9;31;5;26;3;2,109756098;319;0,002089864;0,00330852;17;0,001749064
@shribr;@shribr;1;4;5;7;1;6;4;2,225609756;0;0,001044932;0,00165426;17;9,04E-04
@k3arn3y;@k3arn3y;1;1;2;3;1;2;1;1;0;0,001044932;0,00165426;10;0,003055264
@rainamerchant;@rainamerchant;2;2;4;5;3;2;1;1;0;0,001567398;0,00248139;10;0,005650133
@larrysieb;@larrysieb;0;2;2;2;0;2;4;2,258064516;0;0;8,27E-04;17;6,56E-04
#medicalimaging;#medicalimaging;1;1;2;2;1;1;4;2,3;0;0,001044932;8,27E-04;17;9,35E-04
@teammdrs;@teammdrs;0;1;1;1;0;1;1;1;0;0;8,27E-04;13;6,56E-04
@neetabhatia;@neetabhatia;1;0;1;1;1;0;0;0;0;0,001044932;0;13;0,001213722
@patlepresdespp;@patlepresdespp;1;2;3;9;2;7;4;2,265060241;0;0,001044932;0,00165426;17;0,001100325
@jefffillion;@jefffillion;2;3;5;10;5;5;4;2,265060241;0;0,001567398;0,00248139;17;0,001567966
@ketaminh;@ketaminh;2;3;5;5;2;3;4;2,25;1;0,001567398;0,00248139;3;7,98E-04
#read;#read;2;0;2;2;2;0;0;0;0;0,001567398;0;3;0,001573225
@helen_leis;@helen_leis;3;5;8;22;5;17;4;2,214659686;50,66666667;0,002089864;0,00330852;75;0,001260478
@alicington;@alicington;2;3;5;7;2;5;4;2,35078534;0;0,001567398;0,00248139;75;9,41E-04
@maternityww;@maternityww;1;2;3;5;1;4;4;2,265060241;0;0,001044932;0,00165426;17;0,001140987
@ultrasoundcons1;@ultrasoundcons1;1;2;3;5;2;3;4;2,265060241;0;0,001044932;0,00165426;17;0,001140987
@sonochief_;@sonochief_;0;2;2;7;0;7;4;2,266666667;0;0;8,27E-04;17;6,56E-04
#rsna14;#rsna14;2;0;2;4;4;0;0;0;0;0,001567398;0;17;0,001626018
@josiah17;@josiah17;0;1;1;1;0;1;1;1;0;0;8,27E-04;24;6,56E-04
@sapienstellaris;@sapienstellaris;1;0;1;1;1;0;0;0;0;0,001044932;0;24;0,001213722
@warpunited;@warpunited;0;1;1;1;0;1;1;1;0;0;8,27E-04;64;6,56E-04
#crowdfundingsoon;#crowdfundingsoon;1;0;1;1;1;0;0;0;0;0,001044932;0;64;0,001213722
@usanesthesia;@usanesthesia;0;1;1;1;0;1;1;1;0;0;8,27E-04;40;6,56E-04
@myanezhidalgo;@myanezhidalgo;1;0;1;1;1;0;0;0;0;0,001044932;0;40;0,001213722
#physio;#physio;3;1;4;4;3;1;1;1;0;0,002089864;0,00248139;59;0,003117097
#physicaltherapy;#physicaltherapy;4;0;4;4;4;0;0;0;0;0,00261233;0;59;0,005766653
#justintimelearning;#justintimelearning;3;1;4;4;3;1;1;1;0;0,002089864;0,00330852;67;0,002897857
#wcusme14;#wcusme14;4;0;4;4;4;0;0;0;0;0,00261233;0;67;0,005361056
#telemed;#telemed;2;3;5;5;2;3;4;2,225806452;0;0,001567398;0,00165426;17;0,001458721
#data;#data;5;0;5;5;5;0;0;0;0;0,003134796;0;17;0,003036348
#ehr;#ehr;2;1;3;3;2;1;1;1;0;0,001567398;0,00248139;70;0,001633469
#patientengagement;#patientengagement;3;0;3;3;3;0;0;0;0;0,002089864;0;70;0,003021929
@adim_sephiroth;@adim_sephiroth;0;1;1;1;0;1;1;1;0;0;8,27E-04;0;6,56E-04
@lucreciatenshi;@lucreciatenshi;1;0;1;1;1;0;0;0;0;0,001044932;0;0;0,001213722
@gustavovalves;@gustavovalves;0;3;3;6;0;6;4;2,234939759;0;0;8,27E-04;17;6,56E-04
@jhospmedicine;@jhospmedicine;1;2;3;6;2;4;4;2,242424242;0;0,001044932;8,27E-04;17;8,42E-04
@sonosweden;@sonosweden;2;3;5;5;2;3;5;3,207100592;0;0,001567398;0,00165426;67;9,31E-04
@ultrasoundrel;@ultrasoundrel;3;2;5;5;3;2;5;3,220238095;0;0,002089864;0,00248139;67;0,001194414
@telehealthrobot;@telehealthrobot;2;4;6;11;4;7;4;2,253012048;0;0,001567398;0,00165426;73;8,76E-04
@globalshapers;@globalshapers;3;3;6;6;3;3;4;2,260606061;0;0,002089864;0,00248139;73;0,001062563
@keebomed;@keebomed;0;2;2;4;0;4;4;2,266666667;0;0;8,27E-04;17;6,56E-04
#handheldultrasound;#handheldultrasound;2;0;2;4;4;0;0;0;0;0,001567398;0;17;0,001626018
@damngeeky;@damngeeky;0;6;6;6;0;6;4;2,21686747;0;0;8,27E-04;17;6,56E-04
@gowithbazza;@gowithbazza;1;1;2;4;1;3;4;2,272727273;0;0,001044932;8,27E-04;17;7,49E-04
@kaskoen;@kaskoen;0;2;2;4;0;4;4;2,265060241;0;0;8,27E-04;17;6,56E-04
@oscadisas;@oscadisas;1;1;2;4;2;2;4;2,272727273;0;0,001044932;8,27E-04;17;9,35E-04
@ashrafalsahli;@ashrafalsahli;0;2;2;4;0;4;4;2,265060241;0;0;8,27E-04;17;6,56E-04
@youtube;@youtube;1;1;2;4;2;2;4;2,272727273;0;0,001044932;8,27E-04;17;9,35E-04
@bayskarehl;@bayskarehl;0;1;1;1;0;1;1;1;0;0;8,27E-04;16;6,56E-04
@jamrarugal;@jamrarugal;1;0;1;1;1;0;0;0;0;0,001044932;0;16;0,001213722
@dipaah;@dipaah;0;2;2;3;0;3;4;2,266666667;0;0;8,27E-04;17;6,56E-04
#minthealth;#minthealth;2;0;2;2;2;0;0;0;0;0,001567398;0;17;0,001626018
@tanca_m;@tanca_m;1;8;9;32;5;27;4;2,201183432;0;0,001044932;0,00165426;18;7,45E-04
@acutemedicinenl;@acutemedicinenl;2;7;9;32;12;20;4;2,207100592;0;0,001567398;0,00248139;18;8,24E-04
@philipshealth;@philipshealth;0;3;3;6;0;6;4;2,236363636;0;0;8,27E-04;17;6,56E-04
#infographic;#infographic;3;0;3;6;6;0;0;0;0;0,002089864;0;17;0,002461611
@docpierrecolin;@docpierrecolin;1;2;3;6;2;4;4;3,097560976;0;0,001044932;0,00165426;82;0,001347189
@survivedat;@survivedat;2;1;3;6;4;2;4;3,109756098;0;0,001567398;0,00248139;82;0,001919749
@michael_w_wolf;@michael_w_wolf;0;2;2;2;0;2;2;1,5;0;0;8,27E-04;29;6,56E-04
@iainiain;@iainiain;2;0;2;2;2;0;0;0;0;0,001567398;0;29;0,001199782
@xminxymina;@xminxymina;0;1;1;1;0;1;1;1;0;0;8,27E-04;32;6,56E-04
@chucklikesbooze;@chucklikesbooze;1;0;1;1;1;0;0;0;0;0,001044932;0;32;0,001213722
@medgadget;@medgadget;0;2;2;4;0;4;4;2,265060241;0;0;8,27E-04;34;6,56E-04
@xetrocoen;@xetrocoen;1;0;1;3;3;0;0;0;0;0,001044932;0;34;9,35E-04
@pradeepbheron;@pradeepbheron;0;1;1;1;0;1;1;1;0;0;8,27E-04;37;6,56E-04
@ayftan;@ayftan;1;0;1;1;1;0;0;0;0;0,001044932;0;37;0,001213722
@cancergeek;@cancergeek;0;5;5;8;0;8;4;2,242424242;0;0;8,27E-04;17;6,56E-04
#entrepreneur;#entrepreneur;4;1;5;8;6;2;1;1;0;0,00261233;0,00330852;17;0,002683946
@mgh_msus;@mgh_msus;0;3;3;3;0;3;4;2,236363636;0;0;8,27E-04;17;6,56E-04
#joints;#joints;3;0;3;3;3;0;0;0;0;0,002089864;0;17;0,002461611
@i_theewed;@i_theewed;0;1;1;1;0;1;1;1;0;0;8,27E-04;77;6,56E-04
@backwoodswife;@backwoodswife;1;0;1;1;1;0;0;0;0;0,001044932;0;77;0,001213722
@reportagephoto;@reportagephoto;0;2;2;2;0;2;4;2,265060241;0;0;8,27E-04;17;6,56E-04
@antonin;@antonin;1;1;2;2;1;1;4;2,272727273;0;0,001044932;8,27E-04;17;9,35E-04
@mesmotspassants;@mesmotspassants;0;2;2;2;0;2;4;2,265060241;0;0;8,27E-04;17;6,56E-04
@_nyctalope_;@_nyctalope_;1;1;2;2;1;1;4;2,272727273;0;0,001044932;8,27E-04;17;9,35E-04
@fraunhoferipms;@fraunhoferipms;0;2;2;2;0;2;4;2,266666667;0;0;8,27E-04;17;6,56E-04
#cmut;#cmut;2;0;2;2;2;0;0;0;0;0,001567398;0;17;0,001626018
@gchallenges;@gchallenges;0;2;2;2;0;2;4;2,266666667;0;0;8,27E-04;17;6,56E-04
#peru;#peru;2;0;2;2;2;0;0;0;0;0,001567398;0;17;0,001626018
@partstat;@partstat;0;2;2;3;0;3;4;2,266666667;0;0;8,27E-04;17;6,56E-04
#techytuesday;#techytuesday;2;0;2;2;2;0;0;0;0;0,001567398;0;17;0,001626018
@drdave01;@drdave01;0;2;2;2;0;2;4;2,265060241;0;0;8,27E-04;17;6,56E-04
@meddeviceonline;@meddeviceonline;1;1;2;2;1;1;4;2,272727273;0;0,001044932;8,27E-04;17;9,35E-04
@willknight;@willknight;0;2;2;2;0;2;4;2,265060241;0;0;8,27E-04;17;6,56E-04
@antonioregalado;@antonioregalado;1;1;2;2;1;1;4;2,272727273;0;0,001044932;8,27E-04;17;9,35E-04
@fetview;@fetview;0;5;5;5;0;5;4;2,222891566;0;0;8,27E-04;17;6,56E-04
@medical_xpress;@medical_xpress;1;4;5;5;1;4;4;2,23030303;0;0,001044932;8,27E-04;17;7,68E-04
@jyleeurosmh;@jyleeurosmh;0;4;4;4;0;4;4;2,228915663;0;0;8,27E-04;59;6,56E-04
@njoshi8;@njoshi8;1;3;4;4;1;3;4;2,236363636;0;0,001044932;8,27E-04;59;7,95E-04
@medicalmusings;@medicalmusings;0;2;2;2;0;2;4;2,266666667;0;0;8,27E-04;17;6,56E-04
#gasnet;#gasnet;2;0;2;2;2;0;0;0;0;0,001567398;0;17;0,001626018
@drsunnymalhotra;@drsunnymalhotra;0;6;6;6;0;6;4;2,238095238;0;0;8,27E-04;79;6,56E-04
@otntelemedicine;@otntelemedicine;2;4;6;6;2;4;4;2,253012048;0;0,001567398;0,00165426;79;8,62E-04
@docweighsin;@docweighsin;0;3;3;3;0;3;4;2,223958333;0;0;8,27E-04;75;6,56E-04
#health2con;#health2con;3;0;3;3;3;0;0;0;0;0,002089864;0;75;0,001604063
@deanoncampus;@deanoncampus;0;4;4;4;0;4;4;2,255681818;0;0;8,27E-04;59;6,56E-04
#queensu;#queensu;4;0;4;4;4;0;0;0;0;0,00261233;0;59;0,001858242
@vicpain1;@vicpain1;0;2;2;2;0;2;4;2,266666667;0;0;8,27E-04;17;6,56E-04
#terason;#terason;2;0;2;2;2;0;0;0;0;0,001567398;0;17;0,001626018
@hansvanschuppen;@hansvanschuppen;0;2;2;2;0;2;4;2,266666667;0;0;8,27E-04;17;6,56E-04
#anesthesiologendagen;#anesthesiologendagen;2;0;2;2;2;0;0;0;0;0,001567398;0;17;0,001626018
@primedimensions;@primedimensions;1;8;9;35;3;32;4;2,195121951;0;0,001044932;0,00165426;86;0,001284079
@hp_ems;@hp_ems;3;7;10;35;11;24;4;2,201219512;0;0,002089864;0,00330852;86;0,002069088
@leaneyleaney;@leaneyleaney;2;3;5;7;3;4;4;3,103658537;0;0,001567398;0,00248139;82;0,001891065
@gamalielfradech;@gamalielfradech;4;0;4;4;4;0;0;0;0;0,00261233;0;82;0,0034583
@signosfans;@signosfans;0;2;2;2;0;2;4;2,265060241;0;0;8,27E-04;17;6,56E-04
@innovative;@innovative;1;1;2;2;1;1;4;2,272727273;0;0,001044932;8,27E-04;17;9,35E-04
@emedcurious;@emedcurious;0;3;3;3;0;3;4;2,25748503;0;0;8,27E-04;67;6,56E-04
@northwesternem;@northwesternem;2;1;3;3;2;1;4;2,272727273;0;0,001567398;0,00165426;67;0,00152834
@ranthercom;@ranthercom;0;8;8;8;0;8;4;2,206060606;0;0;8,27E-04;17;6,56E-04
#invention;#invention;8;0;8;8;8;0;0;0;0;0,004702194;0;17;0,012185145
@medicaidrad;@medicaidrad;2;3;5;5;2;3;4;2,25748503;0;0,001567398;0,00165426;85;9,31E-04
@runciecwc;@runciecwc;3;2;5;5;3;2;4;2,265060241;0;0,002089864;0,00248139;85;0,001194414
@biosciencenb;@biosciencenb;0;2;2;2;0;2;4;2,266666667;0;0;8,27E-04;17;6,56E-04
#bic2013;#bic2013;2;0;2;2;2;0;0;0;0;0,001567398;0;17;0,001626018
@judywawira;@judywawira;0;2;2;2;0;2;4;2,265060241;0;0;8,27E-04;17;6,56E-04
@gehealthcare;@gehealthcare;1;1;2;2;1;1;4;2,272727273;0;0,001044932;8,27E-04;17;9,35E-04
@imagineatech;@imagineatech;2;2;4;4;2;2;4;2,256097561;0;0,001567398;0,00248139;82;0,001409745
@authoross;@authoross;3;1;4;4;3;1;4;2,268292683;0;0,002089864;0,00330852;82;0,002008891
@espci_paristech;@espci_paristech;0;4;4;4;0;4;4;2,24137931;0;0;8,27E-04;80;6,56E-04
@startngo_espci;@startngo_espci;3;1;4;4;3;1;4;2,272727273;0;0,002089864;0,00248139;80;0,001048738
@victoromorrison;@victoromorrison;6;2;8;8;6;2;5;3,103658537;0;0,003657262;0,004962779;86;0,002593714
@gerrywieder;@gerrywieder;7;1;8;8;7;1;5;3,115853659;0;0,004179728;0,005789909;86;0,003696052
@spring68;@spring68;1;1;2;2;1;1;1;1;0;0,001044932;8,27E-04;79;7,03E-04
@familydocwonk;@familydocwonk;2;1;3;3;2;1;1;1;0;0,001567398;0,00248139;75;8,51E-04
@xari_rs;@xari_rs;1;3;4;4;1;3;1;1;0;0,001044932;8,27E-04;58;7,07E-04
@ethoeve73;@ethoeve73;2;1;3;3;2;1;4;2,3;0;0,001567398;0,00248139;17;7,98E-04
@bbmd10;@bbmd10;0;2;2;5;0;5;4;2,263473054;0;0;8,27E-04;17;6,56E-04
@echocardioblog;@echocardioblog;2;3;5;12;2;10;3;2,06097561;0;0,001567398;0,00248139;17;7,98E-04
627;;0;0;0;0;0;0;0;0;0;0;0;0;0
@australia_rt;@australia_rt;2;2;4;6;2;4;4;2,309392265;0;0,001567398;0,00248139;17;0,001082523
@scantrainercad;@scantrainercad;1;2;3;5;1;4;4;2,263473054;0;0,001044932;0,00165426;17;0,001213116
@towersdr;@towersdr;1;2;3;3;1;2;4;2,266666667;0;0,001044932;0,00165426;17;7,14E-04
@curromir;@curromir;2;1;3;3;2;1;1;1;0;0,001567398;0,00248139;3;7,98E-04
@nxtstop1;@nxtstop1;2;3;5;7;2;5;4;2,35078534;0;0,001567398;0,00248139;75;9,41E-04
@carlbicemd;@carlbicemd;1;2;3;5;1;4;4;2,263473054;0;0,001044932;0,00165426;17;9,57E-04
@bonnycastle;@bonnycastle;1;3;4;4;1;3;2;1,571428571;0;0,001044932;0,00165426;59;7,90E-04
@iainrobertson;@iainrobertson;1;3;4;4;1;3;2;1,571428571;0;0,001044932;0,00165426;59;7,90E-04
@christofzuern;@christofzuern;0;1;1;1;0;1;1;1;0;0;8,27E-04;25;6,56E-04
@willcherfarm;@willcherfarm;1;2;3;3;1;2;1;1;0;0,001044932;8,27E-04;63;7,18E-04
@marymacarthur;@marymacarthur;1;2;3;3;1;2;1;1;0;0,001044932;8,27E-04;63;7,18E-04
@sambit_dash;@sambit_dash;1;1;2;2;1;1;1;1;0;0,001044932;8,27E-04;68;7,36E-04
#innovations;#innovations;4;1;5;5;4;1;2;1,666666667;0;0,00261233;0,00330852;17;0,003087691
@arjalali;@arjalali;1;2;3;7;2;5;4;2,266666667;0;0,001044932;8,27E-04;71;8,42E-04
@janethoyler;@janethoyler;0;2;2;3;0;3;2;1,6;0;0;8,27E-04;5;6,56E-04
@ede_blog;@ede_blog;1;2;3;6;2;4;4;2,266666667;0;0,001044932;8,27E-04;72;8,42E-04
@guyll;@guyll;0;3;3;6;0;6;3;2,072727273;0;0;8,27E-04;17;6,56E-04
@medlanes;@medlanes;0;4;4;8;0;8;4;2,23030303;0;0;8,27E-04;17;6,56E-04
@virtualcareaf;@virtualcareaf;7;3;10;30;24;6;5;3,067073171;0;0,004179728;0,006617039;86;0,003932196
@drbarb2b4hope;@drbarb2b4hope;5;1;6;12;10;2;5;3,182926829;0;0,003134796;0,004135649;86;0,002866512
@buydig;@buydig;0;4;4;8;0;8;4;2,254545455;0;0;8,27E-04;17;6,56E-04
@anneccpa;@anneccpa;0;4;4;8;0;8;4;2,236363636;0;0;8,27E-04;59;6,56E-04
@meredithperry;@meredithperry;1;1;2;2;1;1;1;1;0;0,001044932;0,00165426;29;9,21E-04
@akjaidk;@akjaidk;2;3;5;9;6;3;5;3,195402299;0;0,001567398;0,00248139;59;9,22E-04
@cooperhewitt;@cooperhewitt;1;2;3;3;1;2;1;1;0;0,001044932;0,00165426;76;0,001140987
@kurzweilainew;@kurzweilainew;1;4;5;5;1;4;4;2,254545455;0;0,001044932;8,27E-04;70;7,36E-04
@scilahn;@scilahn;0;3;3;3;0;3;4;2,260606061;0;0;8,27E-04;66;6,56E-04
@laurencevick;@laurencevick;0;4;4;4;0;4;4;2,23030303;0;0;8,27E-04;17;6,56E-04
@salelhaider;@salelhaider;0;2;2;2;0;2;4;2,266666667;0;0;8,27E-04;17;6,56E-04
@anishmohammed;@anishmohammed;0;3;3;3;0;3;4;2,260606061;0;0;8,27E-04;17;6,56E-04
@ame;@ame;3;3;6;6;3;3;4;2,260606061;0;0,002089864;0,00248139;79;0,001044814
@colin_hung;@colin_hung;0;3;3;3;0;3;4;2,223958333;0;0;8,27E-04;17;6,56E-04
@drstephenarcher;@drstephenarcher;1;3;4;4;1;3;4;2,262857143;0;0,001044932;8,27E-04;59;7,95E-04
@quickmob;@quickmob;2;3;5;8;3;5;4;2,25;0;0,001567398;0,00248139;80;9,53E-04
@michaelpdowd;@michaelpdowd;0;3;3;3;0;3;4;2,260606061;0;0;8,27E-04;17;6,56E-04
@eztrackin;@eztrackin;8;4;12;35;31;4;4;2,219512195;0;0,004702194;0,007444169;86;0,00503435
700;;0;0;0;0;0;0;0;0;0;0;0;0;0
@neilsadickmd;@neilsadickmd;3;2;5;7;5;2;4;3,109756098;0;0,002089864;0,00330852;82;0,002426871
@fundsforngos;@fundsforngos;0;1;1;1;0;1;5;3,137362637;0;0;8,27E-04;36;6,56E-04
649;;0;0;0;0;0;0;0;0;0;0;0;0;0
@tmyersmd;@tmyersmd;0;5;5;8;0;8;3;2,145454545;0;0;8,27E-04;70;6,56E-04
@seemo;@seemo;1;1;2;2;1;1;1;1;0;0,001044932;8,27E-04;84;9,35E-04
@phoebewonderlan;@phoebewonderlan;0;3;3;3;0;3;4;2,260606061;0;0;8,27E-04;69;6,56E-04
@medicalexponews;@medicalexponews;0;5;5;5;0;5;4;2,224242424;0;0;8,27E-04;17;6,56E-04
@ultrasoundjelly;@ultrasoundjelly;0;3;3;3;0;3;4;2,255952381;0;0;8,27E-04;17;6,56E-04
#bid;#bid;1;0;1;4;4;0;0;0;0;0,001044932;0;4;8,42E-04
@giangrisetti;@giangrisetti;2;1;3;3;2;1;1;1;0;0,001567398;0,00248139;75;8,51E-04
@e;@e;1;1;2;2;1;1;4;2,272727273;0;0,001044932;0,00165426;75;7,80E-04
648;;0;0;0;0;0;0;0;0;0;0;0;0;0
654;;0;0;0;0;0;0;0;0;0;0;0;0;0
@abhinavagarwal;@abhinavagarwal;1;0;1;1;1;0;0;0;0;0,001044932;0;12;6,91E-04
#lghgr;#lghgr;2;0;2;3;3;0;0;0;0;0,001567398;0;15;0,001729558
664;;0;0;0;0;0;0;0;0;0;0;0;0;0
@pjlalah;@pjlalah;1;2;3;3;1;2;4;2,266666667;0;0,001044932;0,00165426;17;7,14E-04
@i_c_sound;@i_c_sound;2;1;3;3;2;1;1;1;0;0,001567398;0,00248139;3;7,98E-04
676;;0;0;0;0;0;0;0;0;0;0;0;0;0
#vet;#vet;3;0;3;8;8;0;0;0;0;0,002089864;0;61;0,002836199
#pgscapstone;#pgscapstone;2;0;2;2;2;0;0;0;0;0,001567398;0;62;0,001729558
#onlyinnewyork;#onlyinnewyork;2;0;2;2;2;0;0;0;0;0,001567398;0;35;0,001729558
@intaasc;@intaasc;2;0;2;2;2;0;0;0;0;0,001567398;0;36;8,13E-04
@canadianbisonas;@canadianbisonas;1;2;3;3;1;2;1;1;0;0,001044932;8,27E-04;63;7,18E-04
701;;0;0;0;0;0;0;0;0;0;0;0;0;0
@pnpravash;@pnpravash;1;1;2;2;1;1;1;1;0;0,001044932;8,27E-04;68;7,36E-04
@ivospigel;@ivospigel;1;1;2;2;1;1;1;1;0;0,001044932;8,27E-04;79;7,03E-04
@harrygelissen;@harrygelissen;2;1;3;3;2;1;4;2,3;0;0,001567398;0,00248139;17;7,98E-04
#cardiologa;#cardiologa;2;0;2;2;2;0;0;0;0;0,001567398;0;17;0,001533075
@pcjawick;@pcjawick;4;1;5;5;4;1;5;3,233532934;0;0,00261233;0,00330852;67;0,001702044
@dfid_uk;@dfid_uk;2;1;3;6;4;2;4;2,272727273;0;0,001567398;0,00165426;74;0,001199782
#larunion;#larunion;3;0;3;3;3;0;0;0;0;0,002089864;0;17;0,002039482
#m;#m;4;0;4;4;4;0;0;0;0;0,00261233;0;86;0,003010811
@upmagazine_fr;@upmagazine_fr;6;1;7;7;6;1;4;2,272727273;0;0,003657262;0,004962779;80;0,002192953
@jsomonline;@jsomonline;2;1;3;3;2;1;4;2,272727273;0;0,001567398;0,00165426;17;0,00113356
@tedxjabi;@tedxjabi;4;1;5;5;4;1;4;2,272727273;0;0,00261233;0,00330852;85;0,001702044
@techcrunch;@techcrunch;2;6;8;8;2;6;4;2,239520958;166,5;0,001567398;8,27E-04;79;7,95E-04
#tcdisrupt;#tcdisrupt;16;0;16;28;28;0;0;0;0;0,008881923;0;79;0,008495537
@drkkyu;@drkkyu;1;3;4;5;1;4;4;2,22513089;0;0,001044932;0,00165426;75;7,27E-04
#aafp2014;#aafp2014;9;0;9;21;21;0;0;0;0;0,005224661;0;75;0,004763607
@thejadelord;@thejadelord;1;3;4;4;1;3;1;1;0;0,001044932;8,27E-04;58;7,07E-04
#lopezfamilyfoundation;#lopezfamilyfoundation;8;2;10;28;14;14;1;1;0;0,004702194;0,006617039;58;0,002499261
@the_echo_nerd;@the_echo_nerd;2;1;3;3;2;1;4;2,3;0;0,001567398;0,00248139;17;7,98E-04
#ultrasound;#ultrasound;66;21;87;253;212;41;3;1,344827586;2049,716667;0,035005223;0,039702233;17;0,022940112
@ultrasoundpod;@ultrasoundpod;9;5;14;17;9;8;4;2,246987952;840;0,005224661;0,004962779;67;0,004037558
#scanningandlearning;#scanningandlearning;2;2;4;4;2;2;1;1;0;0,001567398;0,00248139;67;0,002033579
@pathadvocacy;@pathadvocacy;4;5;9;36;11;25;4;2,220994475;33;0,00261233;0,004135649;17;0,001901215
@suementors;@suementors;2;2;4;6;2;4;4;2,309392265;0;0,001567398;0,00248139;17;0,001165681
@drleandroferna1;@drleandroferna1;1;2;3;7;1;6;4;2,263473054;0;0,001044932;0,00165426;17;0,001213116
@vasc_ultrasound;@vasc_ultrasound;3;3;6;14;6;8;4;2,25748503;4;0,002089864;0,00248139;17;0,001966049
@aleydakmejia;@aleydakmejia;1;3;4;8;1;7;4;2,237569061;0;0,001044932;0,00165426;17;7,59E-04
#mnch;#mnch;10;0;10;25;25;0;0;0;0;0,005747126;0;17;0,003781519
@drrmonaco;@drrmonaco;2;1;3;3;2;1;1;1;0;0,001567398;0,00248139;3;7,98E-04
#foamus;#foamus;13;0;13;32;32;0;0;0;0;0,007314525;0;3;0,008579902
@imosphere1;@imosphere1;2;3;5;8;2;6;4;2,259036145;0;0,001567398;0,00248139;75;0,001014493
#dhc14;#dhc14;7;0;7;19;19;0;0;0;0;0,004179728;0;75;0,002740769
@exemplar_edu;@exemplar_edu;1;3;4;6;2;4;4;2,25748503;1;0,001044932;0,00165426;17;0,001062884
@exemplardc;@exemplardc;1;0;1;1;1;0;0;0;0;0,001044932;0;17;9,57E-04
@em_resus;@em_resus;0;3;3;3;0;3;2;1,25;0;0;8,27E-04;3;6,56E-04
#foamed;#foamed;11;3;14;29;21;8;1;1;540,3333333;0,006269592;0,008271298;59;0,004454093
@dpt2go;@dpt2go;0;4;4;4;0;4;3;2,066666667;0;0;8,27E-04;59;6,56E-04
#meded;#meded;14;4;18;37;24;13;2;1,333333333;580,8;0,007836991;0,009098428;59;0,006555629
@musicthinking;@musicthinking;0;1;1;1;0;1;1;1;0;0;8,27E-04;25;6,56E-04
#musicthinking;#musicthinking;2;0;2;2;2;0;0;0;0;0,001567398;0;25;0,00177138
@wcvmtoday;@wcvmtoday;1;2;3;3;1;2;1;1;0;0,001044932;8,27E-04;63;7,18E-04
#bison;#bison;8;1;9;23;15;8;1;1;0;0,004702194;0,006617039;63;0,002854168
@robot_insect;@robot_insect;1;2;3;3;1;2;1;1;0;0,001044932;8,27E-04;63;7,18E-04
#westcdnag;#westcdnag;9;0;9;23;23;0;0;0;0;0,005224661;0;63;0,005280226
@manish_k_bhatt;@manish_k_bhatt;1;1;2;2;1;1;1;1;0;0,001044932;8,27E-04;68;7,36E-04
#odis;#odis;5;0;5;8;8;0;0;0;0;0,003134796;0;68;0,003237226
#soniceye;#soniceye;4;3;7;7;4;3;4;2,172413793;0,666666667;0,00261233;0,00330852;17;0,002537708
#tech;#tech;6;2;8;13;9;4;1;1;70;0,003657262;0,004135649;17;0,005851665
@cmaer;@cmaer;0;3;3;6;0;6;4;2,259036145;0;0;8,27E-04;71;6,56E-04
#icre2014;#icre2014;3;0;3;6;6;0;0;0;0;0,002089864;0;71;0,001890906
@theardms;@theardms;2;4;6;12;6;6;1;1;1,5;0,001567398;0,00165426;5;0,001177635
@aium_ultrasound;@aium_ultrasound;3;5;8;15;5;10;1;1;1,5;0,002089864;0,00248139;5;0,001427885
@jtmcgillem;@jtmcgillem;0;3;3;6;0;6;4;2,259036145;0;0;8,27E-04;72;6,56E-04
#mcgillem;#mcgillem;3;0;3;6;6;0;0;0;0;0,002089864;0;72;0,001890906
@heartworksuk;@heartworksuk;6;11;17;28;9;19;3;1,993902439;4924,416667;0,003657262;0,00330852;17;0,002715098
#radiology;#radiology;8;2;10;19;13;6;2;1,5;5;0,004702194;0,005789909;70;0,003016295
#health;#health;10;5;15;22;16;6;5;2,793103448;124,1666667;0,005747126;0,006617039;17;0,006553555
#mhealth;#mhealth;16;3;19;60;50;10;4;2,172413793;225,8333333;0,008881923;0,012406948;17;0,00822787
@medlert;@medlert;21;19;40;86;32;54;4;2,12804878;2180,516667;0,011494253;0,017369727;86;0,014037807
@getpager;@getpager;7;5;12;30;20;10;4;2,213414634;133,9666667;0,004179728;0,006617039;86;0,004313096
@beaconcares;@beaconcares;10;8;18;29;17;12;4;2,195121951;717,7;0,005747126;0,007444169;86;0,005920529
#mobile;#mobile;5;1;6;11;9;2;1;1;0,5;0,003134796;0,004135649;17;0,00328964
#science;#science;3;1;4;8;6;2;1;1;0;0,002089864;0,00248139;17;0,003973584
#geek;#geek;6;0;6;11;11;0;0;0;0;0,003657262;0;17;0,010105841
#healthtech;#healthtech;2;2;4;8;4;4;3;2;0;0,001567398;0,00165426;59;0,001486604
#hitsm;#hitsm;3;1;4;8;6;2;3;2,142857143;0;0,002089864;0,00248139;59;0,002118415
@psfk;@psfk;1;3;4;4;1;3;1;1;2;0,001044932;8,27E-04;29;9,35E-04
@mechtech4;@mechtech4;2;0;2;2;2;0;0;0;0;0,001567398;0;29;0,001703767
@akjaidka;@akjaidka;3;3;6;10;6;4;6;4,051724138;5,366666667;0,002089864;0,00330852;59;0,001183734
@drjohnjryan;@drjohnjryan;4;0;4;4;4;0;0;0;0;0,00261233;0;59;0,001391423
@garyalevy;@garyalevy;1;2;3;3;1;2;1;1;0;0,001044932;0,00165426;76;0,001140987
@absolutebeleif;@absolutebeleif;2;0;2;2;2;0;0;0;0;0,001567398;0;76;0,00162591
@healthierit;@healthierit;1;4;5;6;2;4;4;2,256097561;0;0,001044932;0,00165426;70;0,001347189
#healthit;#healthit;11;0;11;21;21;0;0;0;0;0,006269592;0;70;0,005531045
#tricorder;#tricorder;2;1;3;3;2;1;1;1;0;0,001567398;0,00165426;66;0,001533075
#pipedream;#pipedream;3;0;3;3;3;0;0;0;0;0,002089864;0;66;0,002836199
#rothberg;#rothberg;2;2;4;4;2;2;4;2,266666667;0;0,001567398;0,00165426;17;0,001486604
#digitalhealth;#digitalhealth;9;0;9;15;15;0;0;0;0;0,005224661;0;17;0,004642333
#pregnancy;#pregnancy;7;4;11;13;9;4;1;1;7,833333333;0,004179728;0,004962779;17;0,003969977
#medicine;#medicine;7;2;9;10;8;2;1;1;1;0,004179728;0,004962779;17;0,004817787
@yberezaie;@yberezaie;0;2;2;2;0;2;2;1,5;0;0;8,27E-04;17;6,56E-04
#oscadi;#oscadi;4;3;7;11;7;4;1;1;3,5;0,00261233;0,00165426;17;0,001951319
#telemedicine;#telemedicine;5;1;6;6;5;1;1;1;0;0,003134796;0,004135649;79;0,002031971
#cdnhealth;#cdnhealth;6;0;6;6;6;0;0;0;0;0,003657262;0;79;0,003759159
@quantifiablemed;@quantifiablemed;1;2;3;5;1;4;4;2,230366492;0;0,001044932;0,00165426;17;7,27E-04
@erictopol;@erictopol;11;35;46;75;19;56;4;2,036649215;792,3;0,006269592;0,007444169;75;0,002922988
@amerjohri;@amerjohri;5;9;14;23;9;14;4;2,212643678;658,6333333;0,003134796;0,004135649;59;0,001548535
@pgme_matters;@pgme_matters;3;0;3;3;3;0;0;0;0;0,002089864;0;59;0,001183734
@kelu124;@kelu124;1;6;7;8;1;7;4;2,24;0,5;0,001044932;8,27E-04;80;7,49E-04
#echopen;#echopen;5;0;5;16;16;0;0;0;0;0,003134796;0;80;0,00201982
#shsmd14;#shsmd14;4;1;5;6;5;1;1;1;2,5;0,00261233;0,00248139;17;0,001789949
#bette;#bette;3;0;3;3;3;0;0;0;0;0,002089864;0;17;0,003054543
@ultrasoundmeme;@ultrasoundmeme;5;8;13;20;9;11;3;2,12195122;1253,166667;0,003134796;0,004962779;82;0,005118784
@hncdotnet;@hncdotnet;2;4;6;6;2;4;4;2,25;5,833333333;0,001567398;0,00165426;17;0,001311472
#imaging;#imaging;6;3;9;16;10;6;1;1;6,333333333;0,003657262;0,004135649;70;0,003340683
#ultrasou;#ultrasou;11;0;11;17;17;0;0;0;0;0,006269592;0;17;0,008022097
@bzgeb;@bzgeb;0;2;2;2;0;2;1;1;0;0;8,27E-04;84;6,56E-04
@gabetelepak;@gabetelepak;2;0;2;2;2;0;0;0;0;0,001567398;0;84;0,001729558
#obstetrics;#obstetrics;2;1;3;3;2;1;1;1;0;0,001567398;0,00165426;69;0,001533075
#rad;#rad;3;0;3;3;3;0;0;0;0;0,002089864;0;69;0,002836199
#usb;#usb;4;7;11;13;5;8;4;2,1;4,5;0,00261233;0,00248139;17;0,001941736
#gadget;#gadget;7;1;8;8;7;1;1;1;0;0,004179728;0,005789909;17;0,006586536
@geriasonomd;@geriasonomd;0;2;2;2;0;2;4;2,267857143;0;0;8,27E-04;17;6,56E-04
@ultrasoundmd;@ultrasoundmd;2;4;6;9;2;7;4;2,239520958;5,666666667;0,001567398;8,27E-04;17;0,001120779
@gospiralarms;@gospiralarms;0;3;3;7;0;7;1;1;0;0;8,27E-04;4;6,56E-04
#ce;#ce;1;0;1;1;1;0;0;0;0;0,001044932;0;4;8,42E-04
@lyndalopez08;@lyndalopez08;0;11;11;35;0;35;4;2,204678363;0;0;8,27E-04;58;6,56E-04
@akajulia1;@akajulia1;1;4;5;6;2;4;1;1;0;0,001044932;8,27E-04;58;7,07E-04
@rickfolbaum;@rickfolbaum;1;3;4;4;1;3;1;1;0;0,001044932;8,27E-04;58;7,07E-04
#excited;#excited;9;1;10;28;21;7;1;1;0;0,005224661;0,007444169;58;0,003561454
@annemont;@annemont;1;5;6;11;1;10;5;3,010471204;0;0,001044932;0,00165426;75;7,27E-04
@aafpprez;@aafpprez;2;1;3;3;2;1;1;1;0;0,001567398;0,00248139;75;8,51E-04
@sbrfamilydocs;@sbrfamilydocs;1;5;6;7;1;6;4;2,209424084;13;0,001044932;0,00165426;75;7,27E-04
@familydocsnews;@familydocsnews;2;1;3;3;2;1;1;1;0;0,001567398;0,00248139;75;8,51E-04
@divoandthecity;@divoandthecity;1;4;5;6;2;4;1;1;0;0,001044932;8,27E-04;58;7,07E-04
#lopezfamilyfdn;#lopezfamilyfdn;4;0;4;7;7;0;0;0;0;0,00261233;0;58;0,001698261
@emme_jlover;@emme_jlover;1;3;4;4;1;3;1;1;0;0,001044932;8,27E-04;58;7,07E-04
#proud;#proud;10;0;10;28;28;0;0;0;0;0,005747126;0;58;0,006588713
@navixdiagnostix;@navixdiagnostix;0;4;4;8;0;8;5;3,06547619;0;0;8,27E-04;17;6,56E-04
@jphugs;@jphugs;1;2;3;3;1;2;4;2,258064516;0;0,001044932;8,27E-04;17;7,95E-04
@svuinfo;@svuinfo;1;4;5;9;1;8;4;2,228915663;139,5;0,001044932;8,27E-04;17;7,95E-04
#cardiovascular;#cardiovascular;3;1;4;8;5;3;4;2,3;0;0,002089864;0,00248139;17;0,0013026
@joelikesios;@joelikesios;1;4;5;11;2;9;4;2,246987952;0;0,001044932;0,00165426;6;8,33E-04
#joemacintosh;#joemacintosh;3;1;4;11;9;2;1;1;310;0,002089864;0,00330852;6;0,001701259
@beats;@beats;1;4;5;9;1;8;4;2,246987952;0;0,001044932;0,00165426;6;8,33E-04
#joelikesios;#joelikesios;3;0;3;6;6;0;0;0;0;0,002089864;0;6;0,002456214
@icssoa14;@icssoa14;1;2;3;5;3;2;5;3,245508982;0;0,001044932;0,00165426;17;0,001154055
@quilted_llama;@quilted_llama;2;2;4;7;3;4;4;2,263473054;82,5;0,001567398;0,00248139;17;0,001644531
@johnshopkinssph;@johnshopkinssph;3;4;7;11;4;7;4;2,226519337;54,66666667;0,002089864;0,00330852;36;1,00E-03
#dataforlife;#dataforlife;4;0;4;8;8;0;0;0;0;0,00261233;0;36;0,001849243
@healthmktg;@healthmktg;1;2;3;3;1;2;5;3,121212121;0;0,001044932;0,00165426;9;8,74E-04
@leonorebarthel;@leonorebarthel;2;0;2;2;2;0;0;0;0;0,001567398;0;9;0,001246099
@techreview;@techreview;1;4;5;5;1;4;4;2,181818182;31;0,001044932;0,00165426;9;0,00102771
@byunlab;@byunlab;1;1;2;2;1;1;4;2,3;0;0,001044932;0,00165426;9;8,74E-04
@pkedrosky;@pkedrosky;0;16;16;16;0;16;1;1;0;0;8,27E-04;12;6,56E-04
@jduckles;@jduckles;1;0;1;1;1;0;0;0;0;0,001044932;0;12;6,91E-04
@glazier_scott;@glazier_scott;0;2;2;3;0;3;1;1;0;0;8,27E-04;15;6,56E-04
@danhalemd;@danhalemd;1;1;2;2;1;1;1;1;0;0,001044932;8,27E-04;15;9,35E-04
@uts_australia;@uts_australia;1;9;10;26;2;24;3;2,048780488;0;0,001044932;0,00165426;3;7,29E-04
@jminardi21;@jminardi21;2;1;3;3;2;1;1;1;0;0,001567398;0,00248139;3;7,98E-04
@nevvlok;@nevvlok;0;4;4;18;0;18;4;2,254545455;0;0;8,27E-04;60;6,56E-04
#emssa14;#emssa14;2;2;4;18;8;10;7;4,393939394;0;0,001567398;0,00165426;60;0,001486604
#pocus;#pocus;6;3;9;24;17;7;6;3,53125;34;0,003657262;0,004135649;60;0,002782808
#emssa2014;#emssa2014;4;0;4;18;18;0;0;0;0;0,00261233;0;60;0,002906884
@frankbosch;@frankbosch;2;8;10;32;4;28;4;2,201183432;1;0,001567398;0,00248139;18;8,35E-04
@gansrob;@gansrob;3;2;5;5;3;2;4;2,266666667;0;0,002089864;0,00330852;18;9,24E-04
@drafdouglas;@drafdouglas;3;2;5;5;3;2;4;2,266666667;0;0,002089864;0,00330852;18;9,24E-04
#probe;#probe;7;0;7;28;28;0;0;0;0;0,004179728;0;18;0,003329063
@gentlemanintown;@gentlemanintown;0;3;3;8;0;8;4;2,260606061;0;0;8,27E-04;19;6,56E-04
#tuesdaythoughts;#tuesdaythoughts;2;1;3;8;5;3;2;1,5;0;0,001567398;0,00165426;19;0,001533075
@laurentpinaud;@laurentpinaud;0;3;3;3;0;3;4;2,260606061;0;0;8,27E-04;17;6,56E-04
#medical;#medical;4;1;5;11;10;1;1;1;1,5;0,00261233;0,00248139;19;0,003022085
#stethoscope;#stethoscope;4;1;5;11;10;1;1;1;127,15;0,00261233;0,004135649;17;0,002466712
#sinainnovations;#sinainnovations;4;0;4;5;5;0;0;0;0;0,00261233;0;17;0,00387231
@medisaveuk;@medisaveuk;0;3;3;8;0;8;4;2,260606061;0;0;8,27E-04;61;6,56E-04
#veterinary;#veterinary;2;1;3;8;5;3;1;1;0;0,001567398;0,00165426;61;0,001533075
@charles_n_r;@charles_n_r;3;9;12;20;4;16;5;3,086206897;331,3666667;0,002089864;0,00330852;59;0,00127135
@matthewchurch;@matthewchurch;3;8;11;26;5;21;6;4;26,36666667;0,002089864;0,00330852;59;0,001257782
@bob_connelly;@bob_connelly;1;3;4;4;1;3;2;1,571428571;0;0,001044932;0,00165426;59;7,90E-04
#cardiology;#cardiology;7;0;7;19;19;0;0;0;0;0,004179728;0;59;0,004236116
@mitchellfriedmn;@mitchellfriedmn;0;2;2;2;0;2;1;1;0;0;8,27E-04;62;6,56E-04
#susty;#susty;1;1;2;2;1;1;1;1;0;0,001044932;8,27E-04;62;9,35E-04
@amandafaymous;@amandafaymous;0;2;2;2;0;2;1;1;0;0;8,27E-04;35;6,56E-04
#notajoke;#notajoke;1;1;2;2;1;1;1;1;0;0,001044932;8,27E-04;35;9,35E-04
@johnshopkinsih;@johnshopkinsih;1;12;13;25;1;24;5;3,077348066;0;0,001044932;0,00165426;36;7,59E-04
@budoxewikyxu;@budoxewikyxu;2;0;2;2;2;0;0;0;0;0,001567398;0;36;8,13E-04
@healthit;@healthit;1;3;4;5;1;4;1;1;0;0,001044932;0,00165426;38;9,15E-04
@healcerion;@healcerion;1;3;4;5;1;4;1;1;0;0,001044932;0,00165426;38;9,15E-04
@lonehades;@lonehades;2;1;3;3;2;1;1;1;0;0,001567398;0,00248139;38;0,001174818
#mhealth14;#mhealth14;3;0;3;5;5;0;0;0;0;0,002089864;0;38;0,002173419
@rjohnson7707;@rjohnson7707;0;9;9;23;0;23;1;1;0;0;8,27E-04;63;6,56E-04
@westernproducer;@westernproducer;1;2;3;3;1;2;1;1;0;0,001044932;8,27E-04;63;7,18E-04
@ammedsol;@ammedsol;5;6;11;35;19;16;4;2,207317073;0;0,003134796;0,004962779;86;0,003011462
@paramedservices;@paramedservices;7;5;12;35;27;8;4;2,213414634;0;0,004179728;0,006617039;86;0,004302856
@otvnews;@otvnews;0;7;7;10;0;10;1;1;0;0;8,27E-04;68;6,56E-04
@tapasr10;@tapasr10;1;1;2;2;1;1;1;1;0;0,001044932;8,27E-04;68;7,36E-04
#siemens;#siemens;2;2;4;4;2;2;1;1;0;0,001567398;0,00165426;78;0,001486604
#healthcare;#healthcare;3;1;4;4;3;1;1;1;0;0,002089864;0,00248139;78;0,002118415
@siemensindia;@siemensindia;0;4;4;4;0;4;4;2,254545455;0;0;8,27E-04;78;6,56E-04
#technology;#technology;4;0;4;4;4;0;0;0;0;0,00261233;0;78;0,003919082
@joshconstine;@joshconstine;0;12;12;22;0;22;5;3,095505618;0;0;8,27E-04;79;6,56E-04
@freshpatents;@freshpatents;1;1;2;2;1;1;1;1;0;0,001044932;8,27E-04;79;7,03E-04
@ohsunews;@ohsunews;1;9;10;27;8;19;3;2,024390244;0;0,001044932;0,00165426;17;7,29E-04
@bsecho;@bsecho;2;1;3;3;2;1;4;2,3;0;0,001567398;0,00248139;17;7,98E-04
@medibookses;@medibookses;0;3;3;4;0;4;4;2,260606061;0;0;8,27E-04;17;6,56E-04
#cardiolog;#cardiolog;2;0;2;2;2;0;0;0;0;0,001567398;0;17;0,001533075
@nobleultrasound;@nobleultrasound;0;5;5;5;0;5;5;3,18128655;0;0;8,27E-04;67;6,56E-04
@ultrasoundninja;@ultrasoundninja;1;4;5;5;1;4;5;3,194117647;0;0,001044932;8,27E-04;67;7,68E-04
@dicomgrid;@dicomgrid;0;7;7;11;0;11;4;2,232142857;0;0;8,27E-04;70;6,56E-04
#blog;#blog;5;2;7;11;7;4;3;2;0;0,003134796;0,004135649;70;0,001891195
@kurzweilainews;@kurzweilainews;1;5;6;6;1;5;4;2,246987952;0;0,001044932;8,27E-04;70;7,36E-04
@stemnewcastle;@stemnewcastle;2;4;6;6;2;4;4;2,254545455;0;0,001567398;0,00165426;70;8,61E-04
@chicagoshapers;@chicagoshapers;0;6;6;11;0;11;4;2,238095238;0;0;8,27E-04;73;6,56E-04
@sdoh6;@sdoh6;1;5;6;11;2;9;4;2,245508982;0;0,001044932;8,27E-04;73;7,49E-04
#chishaper;#chishaper;5;1;6;11;9;2;1;1;0;0,003134796;0,004135649;73;0,002054749
#inspired;#inspired;6;0;6;11;11;0;0;0;0;0,003657262;0;73;0,003801298
@ramaduro;@ramaduro;0;4;4;8;0;8;4;2,228915663;0;0;8,27E-04;17;6,56E-04
@openhealthnews;@openhealthnews;1;3;4;8;2;6;4;2,236363636;0;0,001044932;8,27E-04;17;7,95E-04
#openaccess;#openaccess;4;2;6;11;8;3;4;2,258064516;1;0,00261233;0,00330852;17;0,001784852
#oaweek;#oaweek;3;0;3;3;3;0;0;0;0;0,002089864;0;17;0,002178619
@camarakamous;@camarakamous;0;3;3;6;0;6;4;2,25748503;0;0;8,27E-04;74;6,56E-04
@unicef_uk;@unicef_uk;1;2;3;6;2;4;4;2,265060241;0;0,001044932;8,27E-04;74;8,42E-04
@linkidoc;@linkidoc;0;3;3;5;0;5;4;2,259036145;0;0;8,27E-04;17;6,56E-04
#chographie;#chographie;3;0;3;3;3;0;0;0;0;0,002089864;0;17;0,001824297
@medxnote;@medxnote;0;3;3;6;0;6;4;2,259036145;0;0;8,27E-04;17;6,56E-04
@oscadi_sarl;@oscadi_sarl;2;3;5;11;4;7;4;2,260606061;1;0,001567398;8,27E-04;17;0,001027836
@rem_ze_974;@rem_ze_974;0;4;4;6;0;6;4;2,254545455;0;0;8,27E-04;17;6,56E-04
#lar;#lar;4;0;4;5;5;0;0;0;0;0,00261233;0;17;0,002318311
@emsworldnews;@emsworldnews;2;4;6;13;5;8;4;2,25;0;0,001567398;0,00248139;17;0,00191314
#ems;#ems;5;0;5;9;9;0;0;0;0;0,003134796;0;17;0,005807032
@peterpreziosi;@peterpreziosi;1;8;9;30;2;28;4;2,195121951;0;0,001044932;0,00165426;86;0,001284079
@practiceunite;@practiceunite;2;7;9;30;6;24;4;2,201219512;0;0,001567398;0,00248139;86;0,001420513
@vnahealthgroup;@vnahealthgroup;3;6;9;30;10;20;4;2,207317073;0;0,002089864;0,00330852;86;0,001593006
@damiensf;@damiensf;6;4;10;30;20;10;5;3,06097561;0;0,003657262;0,005789909;86;0,003243042
@iboostimmunity;@iboostimmunity;0;6;6;12;0;12;4;2,234939759;0;0;8,27E-04;86;6,56E-04
@rayaccusoft;@rayaccusoft;1;5;6;12;2;10;4;2,242424242;0;0,001044932;8,27E-04;86;7,49E-04
@bhsurgicalhosp;@bhsurgicalhosp;3;3;6;12;6;6;5;3,158536585;0;0,002089864;0,00248139;86;0,001567464
@illinoisretweet;@illinoisretweet;4;2;6;12;8;4;5;3,170731707;0;0,00261233;0,00330852;86;0,002011583
@zackbergermdphd;@zackbergermdphd;0;4;4;8;0;8;5;3;0;0;8,27E-04;75;6,56E-04
@philiplederer;@philiplederer;4;1;5;10;8;2;4;2,272727273;220,7;0,00261233;0,00330852;75;0,001525724
@icudred;@icudred;1;3;4;8;2;6;5;3,010362694;0;0,001044932;8,27E-04;75;7,95E-04
@eliowa;@eliowa;2;2;4;8;4;4;5;3,020833333;0;0,001567398;0,00165426;75;0,001020866
@womancareglobal;@womancareglobal;1;6;7;7;1;6;4;2,205714286;0;0,001044932;0,00165426;17;7,14E-04
@w;@w;2;5;7;7;2;5;4;2,211428571;0;0,001567398;0,00248139;17;8,15E-04
@signosrt;@signosrt;3;3;6;7;4;3;4;2,234939759;0;0,002089864;0,00330852;17;9,54E-04
@http;@http;4;2;6;7;5;2;4;2,242424242;0;0,00261233;0,004135649;17;0,001223895
@eloi_medical;@eloi_medical;0;4;4;5;0;5;4;2,254545455;0;0;8,27E-04;65;6,56E-04
#vtrinaires;#vtrinaires;2;0;2;2;2;0;0;0;0;0,001567398;0;65;0,001486604
#sagefemme;#sagefemme;2;1;3;3;2;1;1;1;0;0,001567398;0,00165426;65;0,001486604
#gyncologue;#gyncologue;3;0;3;3;3;0;0;0;0;0,002089864;0;65;0,002750226
@expowave;@expowave;0;7;7;7;0;7;4;2,224137931;0;0;8,27E-04;80;6,56E-04
@t_landrain;@t_landrain;5;9;14;17;5;12;4;2,213872832;28,5;0,003134796;0,00248139;80;0,001255911
@lapaillasse;@lapaillasse;5;9;14;19;6;13;4;2,215116279;27;0,003134796;0,00330852;80;0,001425635
@floreberlin;@floreberlin;3;4;7;7;3;4;4;2,25;0;0,002089864;0,00248139;80;9,89E-04
@ouishare;@ouishare;4;3;7;7;4;3;4;2,25748503;0;0,00261233;0,00330852;80;0,00119915
@up_conferences;@up_conferences;5;2;7;7;5;2;4;2,265060241;0;0,003134796;0,004135649;80;0,001538911
@caehealthcare;@caehealthcare;0;6;6;6;0;6;4;2,240963855;0;0;8,27E-04;17;6,56E-04
@nilamjsoni;@nilamjsoni;1;5;6;6;1;5;4;2,248484848;0;0,001044932;8,27E-04;17;7,49E-04
#doctors;#doctors;3;3;6;6;3;3;6;3,484848485;0;0,002089864;0,00248139;17;0,001567464
#julychest;#julychest;5;1;6;6;5;1;6;3,7;0;0,003134796;0,004135649;17;0,002800051
@bastou24;@bastou24;0;6;6;6;0;6;4;2,238636364;0;0;8,27E-04;80;6,56E-04
@mehdi_benchoufi;@mehdi_benchoufi;2;4;6;6;2;4;4;2,252873563;0;0,001567398;0,00165426;80;8,55E-04
@langevinium;@langevinium;6;2;8;12;10;2;4;2,268292683;0;0,003657262;0,004962779;80;0,003211447
@julienbarrier;@julienbarrier;6;2;8;13;9;4;4;2,268292683;0;0,003657262;0,004962779;80;0,003211447
@sister_doc;@sister_doc;0;4;4;4;0;4;4;2,251497006;0;0;8,27E-04;81;6,56E-04
#mat;#mat;4;0;4;4;4;0;0;0;0;0,00261233;0;81;0,002145862
@doc2dock;@doc2dock;1;3;4;4;1;3;4;2,259036145;0;0,001044932;8,27E-04;81;7,95E-04
@nytimes;@nytimes;2;2;4;4;2;2;4;2,266666667;0;0,001567398;0,00165426;81;0,001020866
@coinnurses;@coinnurses;0;3;3;3;0;3;4;2,259036145;0;0;8,27E-04;83;6,56E-04
@every_newborn;@every_newborn;1;3;4;6;1;5;4;2,260606061;0,333333333;0,001044932;8,27E-04;83;8,42E-04
#kangaroocare;#kangaroocare;3;1;4;6;5;1;1;1;0,333333333;0,002089864;0,00248139;83;0,001771629
#ever;#ever;3;0;3;3;3;0;0;0;0;0,002089864;0;83;0,003091639
@hiiopsec;@hiiopsec;0;4;4;5;0;5;4;2,25;0;0;8,27E-04;17;6,56E-04
@globalbiod;@globalbiod;1;2;3;3;1;2;4;2,265060241;0;0,001044932;8,27E-04;17;7,95E-04
@africa_outlook;@africa_outlook;0;5;5;5;0;5;4;2,222891566;0;0;8,27E-04;17;6,56E-04
@philips;@philips;1;4;5;5;1;4;4;2,23030303;0;0,001044932;8,27E-04;17;7,68E-04
#tablet;#tablet;3;2;5;5;3;2;4;2,266666667;0;0,002089864;0,00248139;17;0,001621836
#africa;#africa;5;0;5;5;5;0;0;0;0;0,003134796;0;17;0,003239657
@drzsb;@drzsb;0;5;5;5;0;5;4;2,24260355;0;0;8,27E-04;85;6,56E-04
@projectpinkblue;@projectpinkblue;1;4;5;5;1;4;4;2,25;0;0,001044932;8,27E-04;85;7,68E-04
@jdheffern;@jdheffern;0;8;8;8;0;8;4;2,191616766;0;0;8,27E-04;86;6,56E-04
@sfvault;@sfvault;1;7;8;8;1;7;4;2,198795181;0;0,001044932;8,27E-04;86;7,26E-04
@get_tokdoc;@get_tokdoc;2;6;8;8;2;6;4;2,206060606;0;0,001567398;0,00165426;86;8,14E-04
@maxfranck91;@maxfranck91;4;4;8;8;4;4;5;3,079268293;0;0,00261233;0,00330852;86;0,00162033
